timestamp,ip,mac,packet_rate,port_count,unique_ports,scan_score,label
2026-01-21 11:16:17,192.168.10.20,d0:39:fa:e8:c3:30,1.84,10,1,0,0
2026-01-21 11:16:17,192.168.10.1,e4:fd:45:45:f8:c1,0.18,1,0,0,0
2026-01-21 11:16:23,192.168.10.20,d0:39:fa:e8:c3:30,6.59,40,1,0,0
2026-01-21 11:16:23,192.168.10.1,e4:fd:45:45:f8:c1,0.16,1,0,0,0
2026-01-21 11:16:29,192.168.10.20,d0:39:fa:e8:c3:30,2.31,14,1,0,0
2026-01-21 11:16:29,192.168.10.1,e4:fd:45:45:f8:c1,0.17,1,0,0,0
2026-01-21 11:16:35,192.168.10.20,d0:39:fa:e8:c3:30,1.65,10,0,0,0
2026-01-21 11:16:42,192.168.10.20,d0:39:fa:e8:c3:30,0.66,4,0,0,0
2026-01-21 11:16:42,192.168.10.1,e4:fd:45:45:f8:c1,0.16,1,0,0,0
2026-01-21 11:16:48,192.168.10.20,d0:39:fa:e8:c3:30,1.61,10,1,0,0
2026-01-21 11:16:54,192.168.10.20,d0:39:fa:e8:c3:30,1.65,10,1,0,0
2026-01-21 11:17:00,192.168.10.20,d0:39:fa:e8:c3:30,0.5,3,0,0,0
2026-01-21 11:17:00,192.168.10.1,e4:fd:45:45:f8:c1,0.33,2,0,0,0
2026-01-21 11:17:06,192.168.10.20,d0:39:fa:e8:c3:30,0.83,5,0,0,0
2026-01-21 11:17:06,192.168.10.1,e4:fd:45:45:f8:c1,0.33,2,0,0,0
2026-01-21 11:17:12,192.168.10.20,d0:39:fa:e8:c3:30,1.32,8,0,0,0
2026-01-21 11:17:12,192.168.10.1,e4:fd:45:45:f8:c1,0.16,1,0,0,0
2026-01-21 11:17:18,192.168.10.20,d0:39:fa:e8:c3:30,0.33,2,0,0,0
2026-01-21 11:17:18,192.168.10.1,e4:fd:45:45:f8:c1,0.17,1,0,0,0
2026-01-21 11:17:24,192.168.10.20,d0:39:fa:e8:c3:30,0.66,4,0,0,0
2026-01-21 11:17:24,192.168.10.1,e4:fd:45:45:f8:c1,0.16,1,0,0,0
2026-01-21 11:17:30,192.168.10.20,d0:39:fa:e8:c3:30,0.83,5,0,0,0
2026-01-21 11:17:30,192.168.10.1,e4:fd:45:45:f8:c1,0.17,1,0,0,0
2026-01-21 11:17:36,192.168.10.20,d0:39:fa:e8:c3:30,0.5,3,0,0,0
2026-01-21 11:17:36,192.168.10.1,e4:fd:45:45:f8:c1,0.33,2,0,0,0
2026-01-21 11:17:42,192.168.10.20,d0:39:fa:e8:c3:30,1.32,8,0,0,0
2026-01-21 11:17:42,192.168.10.1,e4:fd:45:45:f8:c1,0.17,1,0,0,0
2026-01-21 11:17:48,192.168.10.20,d0:39:fa:e8:c3:30,0.99,6,0,0,0
2026-01-21 11:17:48,192.168.10.1,e4:fd:45:45:f8:c1,0.33,2,0,0,0
2026-01-21 11:17:54,192.168.10.20,d0:39:fa:e8:c3:30,0.83,5,0,0,0
2026-01-21 11:17:54,192.168.10.1,e4:fd:45:45:f8:c1,0.33,2,0,0,0
2026-01-21 11:18:01,192.168.10.20,d0:39:fa:e8:c3:30,0.66,4,0,0,0
2026-01-21 11:18:01,192.168.10.1,e4:fd:45:45:f8:c1,0.17,1,0,0,0
2026-01-21 11:18:07,192.168.10.20,d0:39:fa:e8:c3:30,0.17,1,0,0,0
2026-01-21 11:18:07,192.168.10.1,e4:fd:45:45:f8:c1,0.17,1,0,0,0
2026-01-21 13:31:56,192.168.10.20,d0:39:fa:e8:c3:30,0.36,2,0,0,0
2026-01-21 13:31:56,192.168.10.1,e4:fd:45:45:f8:c1,0.36,2,0,0,0
2026-01-21 13:32:02,192.168.10.20,d0:39:fa:e8:c3:30,0.82,5,0,0,0
2026-01-21 13:32:02,192.168.10.1,e4:fd:45:45:f8:c1,0.16,1,0,0,0
2026-01-21 13:32:08,192.168.10.20,d0:39:fa:e8:c3:30,0.82,5,0,0,0
2026-01-21 13:32:08,192.168.10.1,e4:fd:45:45:f8:c1,0.16,1,0,0,0
2026-01-21 13:32:15,192.168.10.20,d0:39:fa:e8:c3:30,2.81,17,0,0,0
2026-01-21 13:32:15,192.168.10.1,e4:fd:45:45:f8:c1,0.5,3,0,0,0
2026-01-21 13:32:21,192.168.10.20,d0:39:fa:e8:c3:30,2.48,15,0,0,0
2026-01-21 13:32:27,192.168.10.20,d0:39:fa:e8:c3:30,1.96,12,0,0,0
2026-01-21 13:32:27,192.168.10.1,e4:fd:45:45:f8:c1,0.16,1,0,0,0
2026-01-21 13:32:33,192.168.10.20,d0:39:fa:e8:c3:30,1.32,8,0,0,0
2026-01-21 13:32:33,192.168.10.1,e4:fd:45:45:f8:c1,0.33,2,0,0,0
2026-01-21 13:32:39,192.168.10.20,d0:39:fa:e8:c3:30,0.66,4,0,0,0
2026-01-21 13:32:39,192.168.10.1,e4:fd:45:45:f8:c1,0.33,2,0,0,0
2026-01-21 13:32:45,192.168.10.20,d0:39:fa:e8:c3:30,1.16,7,0,0,0
2026-01-21 13:32:45,192.168.10.1,e4:fd:45:45:f8:c1,0.33,2,0,0,0
2026-01-21 13:32:51,192.168.10.20,d0:39:fa:e8:c3:30,1.48,9,0,0,0
2026-01-21 13:32:57,192.168.10.20,d0:39:fa:e8:c3:30,0.83,5,0,0,0
2026-01-21 13:32:57,192.168.10.1,e4:fd:45:45:f8:c1,0.33,2,0,0,0
2026-01-21 13:33:03,192.168.10.20,d0:39:fa:e8:c3:30,0.33,2,0,0,0
2026-01-21 13:33:03,192.168.10.1,e4:fd:45:45:f8:c1,0.33,2,0,0,0
2026-01-21 13:33:09,192.168.10.20,d0:39:fa:e8:c3:30,0.33,2,0,0,0
2026-01-21 13:33:09,192.168.10.1,e4:fd:45:45:f8:c1,0.33,2,0,0,0
2026-01-21 13:33:22,192.168.10.20,d0:39:fa:e8:c3:30,0.99,6,0,0,0
2026-01-21 13:33:22,192.168.10.1,e4:fd:45:45:f8:c1,0.33,2,0,0,0
2026-01-21 13:33:28,192.168.10.20,d0:39:fa:e8:c3:30,0.66,4,0,0,0
2026-01-21 13:33:28,192.168.10.1,e4:fd:45:45:f8:c1,0.5,3,0,0,0
2026-01-21 13:33:34,192.168.10.20,d0:39:fa:e8:c3:30,1.82,11,0,0,0
2026-01-21 13:33:34,192.168.10.1,e4:fd:45:45:f8:c1,0.33,2,0,0,0
2026-01-21 13:33:40,192.168.10.20,d0:39:fa:e8:c3:30,0.99,6,0,0,0
2026-01-21 13:33:40,192.168.10.1,e4:fd:45:45:f8:c1,0.17,1,0,0,0
2026-01-21 13:33:46,192.168.10.20,d0:39:fa:e8:c3:30,0.66,4,0,0,0
2026-01-21 13:33:46,192.168.10.1,e4:fd:45:45:f8:c1,0.49,3,0,0,0
2026-01-21 13:33:52,192.168.10.20,d0:39:fa:e8:c3:30,0.17,1,0,0,0
2026-01-21 13:33:52,192.168.10.1,e4:fd:45:45:f8:c1,0.17,1,0,0,0
2026-01-21 13:33:58,192.168.10.20,d0:39:fa:e8:c3:30,1.82,11,0,0,0
2026-01-21 13:33:58,192.168.10.1,e4:fd:45:45:f8:c1,0.5,3,0,0,0
2026-01-21 13:34:04,192.168.10.20,d0:39:fa:e8:c3:30,2.97,18,0,30,0
2026-01-21 13:34:10,192.168.10.20,d0:39:fa:e8:c3:30,1.32,8,0,0,0
2026-01-21 13:34:10,192.168.10.1,e4:fd:45:45:f8:c1,0.16,1,0,0,0
2026-01-21 13:34:16,192.168.10.20,d0:39:fa:e8:c3:30,1.15,7,0,0,0
2026-01-21 13:34:16,192.168.10.1,e4:fd:45:45:f8:c1,0.33,2,0,0,0
2026-01-21 13:34:22,192.168.10.20,d0:39:fa:e8:c3:30,0.82,5,0,0,0
2026-01-21 13:34:22,192.168.10.1,e4:fd:45:45:f8:c1,0.33,2,0,0,0
2026-01-21 13:34:28,192.168.10.20,d0:39:fa:e8:c3:30,1.16,7,0,0,0
2026-01-21 13:34:29,192.168.10.1,e4:fd:45:45:f8:c1,0.33,2,0,0,0
2026-01-21 13:34:35,192.168.10.20,d0:39:fa:e8:c3:30,1.32,8,0,0,0
2026-01-21 13:34:35,192.168.10.1,e4:fd:45:45:f8:c1,0.33,2,0,0,0
2026-01-21 13:34:41,192.168.10.20,d0:39:fa:e8:c3:30,0.49,3,0,0,0
2026-01-21 13:34:41,192.168.10.1,e4:fd:45:45:f8:c1,0.33,2,0,0,0
2026-01-21 13:34:47,192.168.10.20,d0:39:fa:e8:c3:30,1.82,11,0,0,0
2026-01-21 13:34:53,192.168.10.20,d0:39:fa:e8:c3:30,0.66,4,0,0,0
2026-01-21 13:34:53,192.168.10.1,e4:fd:45:45:f8:c1,0.16,1,0,0,0
2026-01-21 13:35:05,192.168.10.20,d0:39:fa:e8:c3:30,1.66,10,0,0,0
2026-01-21 13:35:05,192.168.10.1,e4:fd:45:45:f8:c1,0.5,3,0,0,0
2026-01-21 13:35:11,192.168.10.20,d0:39:fa:e8:c3:30,1.16,7,0,0,0
2026-01-21 13:35:11,192.168.10.1,e4:fd:45:45:f8:c1,0.33,2,0,0,0
2026-01-21 13:35:17,192.168.10.20,d0:39:fa:e8:c3:30,0.82,5,0,0,0
2026-01-21 13:35:17,192.168.10.1,e4:fd:45:45:f8:c1,0.16,1,0,0,0
2026-01-21 13:35:23,192.168.10.20,d0:39:fa:e8:c3:30,0.66,4,0,0,0
2026-01-21 13:35:23,192.168.10.1,e4:fd:45:45:f8:c1,0.33,2,0,0,0
2026-01-21 13:35:29,192.168.10.20,d0:39:fa:e8:c3:30,1.16,7,0,0,0
2026-01-21 13:35:29,192.168.10.1,e4:fd:45:45:f8:c1,0.33,2,0,0,0
2026-01-21 13:35:35,192.168.10.20,d0:39:fa:e8:c3:30,1.32,8,0,0,0
2026-01-21 13:35:35,192.168.10.1,e4:fd:45:45:f8:c1,0.33,2,0,0,0
2026-01-21 13:35:42,192.168.10.20,d0:39:fa:e8:c3:30,0.99,6,0,0,0
2026-01-21 13:35:42,192.168.10.1,e4:fd:45:45:f8:c1,0.17,1,0,0,0
2026-01-21 13:35:48,192.168.10.20,d0:39:fa:e8:c3:30,2.64,16,0,0,0
2026-01-21 13:35:48,192.168.10.1,e4:fd:45:45:f8:c1,0.33,2,0,0,0
2026-01-21 13:35:54,192.168.10.20,d0:39:fa:e8:c3:30,1.82,11,0,0,0
2026-01-21 13:36:00,192.168.10.20,d0:39:fa:e8:c3:30,0.83,5,0,0,0
2026-01-21 13:36:00,192.168.10.1,e4:fd:45:45:f8:c1,0.33,2,0,0,0
2026-01-21 13:36:06,192.168.10.20,d0:39:fa:e8:c3:30,1.49,9,0,0,0
2026-01-21 13:36:06,192.168.10.1,e4:fd:45:45:f8:c1,0.33,2,0,0,0
2026-01-21 13:36:12,192.168.10.20,d0:39:fa:e8:c3:30,0.33,2,0,0,0
2026-01-21 13:36:12,192.168.10.1,e4:fd:45:45:f8:c1,0.17,1,0,0,0
2026-01-21 13:36:18,192.168.10.20,d0:39:fa:e8:c3:30,0.83,5,0,0,0
2026-01-21 13:36:18,192.168.10.1,e4:fd:45:45:f8:c1,0.17,1,0,0,0
2026-01-21 13:36:24,192.168.10.20,d0:39:fa:e8:c3:30,0.5,3,0,0,0
2026-01-21 13:36:24,192.168.10.1,e4:fd:45:45:f8:c1,0.33,2,0,0,0
2026-01-21 13:36:30,192.168.10.20,d0:39:fa:e8:c3:30,0.5,3,0,0,0
2026-01-21 13:36:30,192.168.10.1,e4:fd:45:45:f8:c1,0.33,2,0,0,0
2026-01-21 13:36:36,192.168.10.20,d0:39:fa:e8:c3:30,1.49,9,0,0,0
2026-01-21 13:36:36,192.168.10.1,e4:fd:45:45:f8:c1,0.17,1,0,0,0
2026-01-21 13:36:42,192.168.10.20,d0:39:fa:e8:c3:30,0.5,3,0,0,0
2026-01-21 13:36:42,192.168.10.1,e4:fd:45:45:f8:c1,0.33,2,0,0,0
2026-01-21 13:36:49,192.168.10.20,d0:39:fa:e8:c3:30,1.16,7,0,0,0
2026-01-21 13:36:49,192.168.10.1,e4:fd:45:45:f8:c1,0.33,2,0,0,0
2026-01-21 13:36:55,192.168.10.20,d0:39:fa:e8:c3:30,1.99,12,0,0,0
2026-01-21 13:36:55,192.168.10.1,e4:fd:45:45:f8:c1,0.33,2,0,0,0
2026-01-21 13:37:01,192.168.10.20,d0:39:fa:e8:c3:30,0.66,4,0,0,0
2026-01-21 13:37:01,192.168.10.1,e4:fd:45:45:f8:c1,0.16,1,0,0,0
2026-01-21 13:37:07,192.168.10.20,d0:39:fa:e8:c3:30,0.5,3,0,0,0
2026-01-21 13:37:07,192.168.10.1,e4:fd:45:45:f8:c1,0.5,3,0,0,0
2026-01-21 13:37:13,192.168.10.20,d0:39:fa:e8:c3:30,0.33,2,0,0,0
2026-01-21 13:37:13,192.168.10.1,e4:fd:45:45:f8:c1,0.33,2,0,0,0
2026-01-21 13:37:19,192.168.10.20,d0:39:fa:e8:c3:30,0.83,5,0,0,0
2026-01-21 13:37:19,192.168.10.1,e4:fd:45:45:f8:c1,0.5,3,0,0,0
2026-01-21 13:37:25,192.168.10.20,d0:39:fa:e8:c3:30,0.66,4,0,0,0
2026-01-21 13:37:25,192.168.10.1,e4:fd:45:45:f8:c1,0.33,2,0,0,0
2026-01-21 13:37:31,192.168.10.20,d0:39:fa:e8:c3:30,0.99,6,0,0,0
2026-01-21 13:37:31,192.168.10.1,e4:fd:45:45:f8:c1,0.16,1,0,0,0
2026-01-21 13:37:37,192.168.10.20,d0:39:fa:e8:c3:30,0.83,5,0,0,0
2026-01-21 13:37:37,192.168.10.1,e4:fd:45:45:f8:c1,0.17,1,0,0,0
2026-01-21 13:37:43,192.168.10.20,d0:39:fa:e8:c3:30,0.33,2,0,0,0
2026-01-21 13:37:43,192.168.10.1,e4:fd:45:45:f8:c1,0.33,2,0,0,0
2026-01-21 13:37:49,192.168.10.20,d0:39:fa:e8:c3:30,0.33,2,0,0,0
2026-01-21 13:37:49,192.168.10.1,e4:fd:45:45:f8:c1,0.33,2,0,0,0
2026-01-21 13:37:55,192.168.10.20,d0:39:fa:e8:c3:30,2.31,14,0,0,0
2026-01-21 13:37:56,192.168.10.1,e4:fd:45:45:f8:c1,0.5,3,0,0,0
2026-01-21 13:38:02,192.168.10.20,d0:39:fa:e8:c3:30,2.81,17,0,0,0
2026-01-21 13:38:02,192.168.10.1,e4:fd:45:45:f8:c1,0.33,2,0,0,0
2026-01-21 13:38:08,192.168.10.20,d0:39:fa:e8:c3:30,1.33,8,0,0,0
2026-01-21 13:38:08,192.168.10.1,e4:fd:45:45:f8:c1,0.33,2,0,0,0
2026-01-21 13:38:14,192.168.10.20,d0:39:fa:e8:c3:30,1.32,8,0,0,0
2026-01-21 13:38:14,192.168.10.1,e4:fd:45:45:f8:c1,0.33,2,0,0,0
2026-01-21 13:38:20,192.168.10.20,d0:39:fa:e8:c3:30,1.16,7,0,0,0
2026-01-21 13:38:20,192.168.10.1,e4:fd:45:45:f8:c1,0.33,2,0,0,0
2026-01-21 13:38:26,192.168.10.20,d0:39:fa:e8:c3:30,0.99,6,0,0,0
2026-01-21 13:38:26,192.168.10.1,e4:fd:45:45:f8:c1,0.33,2,0,0,0
2026-01-21 13:38:32,192.168.10.20,d0:39:fa:e8:c3:30,1.16,7,0,0,0
2026-01-21 13:38:32,192.168.10.1,e4:fd:45:45:f8:c1,0.33,2,0,0,0
2026-01-21 13:38:38,192.168.10.20,d0:39:fa:e8:c3:30,0.33,2,0,0,0
2026-01-21 13:38:38,192.168.10.1,e4:fd:45:45:f8:c1,0.33,2,0,0,0
2026-01-21 13:38:44,192.168.10.20,d0:39:fa:e8:c3:30,1.49,9,0,0,0
2026-01-21 13:38:44,192.168.10.1,e4:fd:45:45:f8:c1,0.17,1,0,0,0
2026-01-21 13:38:50,192.168.10.20,d0:39:fa:e8:c3:30,1.15,7,0,0,0
2026-01-21 13:38:50,192.168.10.1,e4:fd:45:45:f8:c1,0.33,2,0,0,0
2026-01-21 13:38:56,192.168.10.20,d0:39:fa:e8:c3:30,1.49,9,0,0,0
2026-01-21 13:38:56,192.168.10.1,e4:fd:45:45:f8:c1,0.33,2,0,0,0
2026-01-21 13:39:02,192.168.10.20,d0:39:fa:e8:c3:30,2.47,15,0,0,0
2026-01-21 13:39:02,192.168.10.1,e4:fd:45:45:f8:c1,0.16,1,0,0,0
2026-01-21 13:39:09,192.168.10.20,d0:39:fa:e8:c3:30,1.98,12,0,0,0
2026-01-21 13:39:09,192.168.10.1,e4:fd:45:45:f8:c1,0.16,1,0,0,0
2026-01-21 13:39:15,192.168.10.20,d0:39:fa:e8:c3:30,0.33,2,0,0,0
2026-01-21 13:39:15,192.168.10.1,e4:fd:45:45:f8:c1,0.17,1,0,0,0
2026-01-21 13:39:21,192.168.10.20,d0:39:fa:e8:c3:30,1.49,9,0,0,0
2026-01-21 13:39:21,192.168.10.1,e4:fd:45:45:f8:c1,0.17,1,0,0,0
2026-01-21 13:39:27,192.168.10.20,d0:39:fa:e8:c3:30,0.83,5,0,0,0
2026-01-21 13:39:27,192.168.10.1,e4:fd:45:45:f8:c1,0.33,2,0,0,0
2026-01-21 13:39:33,192.168.10.20,d0:39:fa:e8:c3:30,1.65,10,0,0,0
2026-01-21 13:39:33,192.168.10.1,e4:fd:45:45:f8:c1,0.33,2,0,0,0
2026-01-21 13:39:39,192.168.10.20,d0:39:fa:e8:c3:30,0.33,2,0,0,0
2026-01-21 13:39:39,192.168.10.1,e4:fd:45:45:f8:c1,0.17,1,0,0,0
2026-01-21 13:39:45,192.168.10.20,d0:39:fa:e8:c3:30,0.82,5,0,0,0
2026-01-21 13:39:45,192.168.10.1,e4:fd:45:45:f8:c1,0.16,1,0,0,0
2026-01-21 13:39:51,192.168.10.20,d0:39:fa:e8:c3:30,0.33,2,0,0,0
2026-01-21 13:39:51,192.168.10.1,e4:fd:45:45:f8:c1,0.17,1,0,0,0
2026-01-21 13:39:57,192.168.10.20,d0:39:fa:e8:c3:30,1.49,9,0,0,0
2026-01-21 13:39:57,192.168.10.1,e4:fd:45:45:f8:c1,0.5,3,0,0,0
2026-01-21 13:40:03,192.168.10.20,d0:39:fa:e8:c3:30,0.83,5,0,0,0
2026-01-21 13:40:03,192.168.10.1,e4:fd:45:45:f8:c1,0.17,1,0,0,0
2026-01-21 13:40:09,192.168.10.20,d0:39:fa:e8:c3:30,0.99,6,0,0,0
2026-01-21 13:40:09,192.168.10.1,e4:fd:45:45:f8:c1,0.5,3,0,0,0
2026-01-21 13:40:15,192.168.10.20,d0:39:fa:e8:c3:30,0.66,4,0,0,0
2026-01-21 13:40:15,192.168.10.1,e4:fd:45:45:f8:c1,0.33,2,0,0,0
2026-01-21 13:40:21,192.168.10.20,d0:39:fa:e8:c3:30,0.99,6,0,0,0
2026-01-21 13:40:21,192.168.10.1,e4:fd:45:45:f8:c1,0.17,1,0,0,0
2026-01-21 13:40:28,192.168.10.20,d0:39:fa:e8:c3:30,0.17,1,0,0,0
2026-01-21 13:40:28,192.168.10.1,e4:fd:45:45:f8:c1,0.17,1,0,0,0
2026-01-21 13:40:34,192.168.10.20,d0:39:fa:e8:c3:30,0.17,1,0,0,0
2026-01-21 13:40:34,192.168.10.1,e4:fd:45:45:f8:c1,0.17,1,0,0,0
2026-01-21 13:40:46,192.168.10.20,d0:39:fa:e8:c3:30,0.82,5,0,0,0
2026-01-21 13:40:46,192.168.10.1,e4:fd:45:45:f8:c1,0.33,2,0,0,0
2026-01-21 13:40:52,192.168.10.20,d0:39:fa:e8:c3:30,0.83,5,0,0,0
2026-01-21 13:40:52,192.168.10.1,e4:fd:45:45:f8:c1,0.33,2,0,0,0
2026-01-21 13:40:58,192.168.10.20,d0:39:fa:e8:c3:30,0.5,3,0,0,0
2026-01-21 13:40:58,192.168.10.1,e4:fd:45:45:f8:c1,0.5,3,0,0,0
2026-01-21 13:41:04,192.168.10.20,d0:39:fa:e8:c3:30,0.66,4,0,0,0
2026-01-21 13:41:04,192.168.10.1,e4:fd:45:45:f8:c1,0.5,3,0,0,0
2026-01-21 13:41:10,192.168.10.20,d0:39:fa:e8:c3:30,2.15,13,0,0,0
2026-01-21 13:41:10,192.168.10.1,e4:fd:45:45:f8:c1,0.33,2,0,0,0
2026-01-21 13:41:16,192.168.10.20,d0:39:fa:e8:c3:30,0.5,3,0,0,0
2026-01-21 13:41:16,192.168.10.1,e4:fd:45:45:f8:c1,0.33,2,0,0,0
2026-01-22 03:13:38,192.168.10.20,d0:39:fa:e8:c3:30,0.75,4,0,0,0
2026-01-22 03:13:38,192.168.10.1,e4:fd:45:45:f8:c1,0.19,1,0,30,0
2026-01-22 03:13:44,192.168.10.20,d0:39:fa:e8:c3:30,0.8,5,0,0,0
2026-01-22 03:13:44,192.168.10.1,e4:fd:45:45:f8:c1,0.32,2,0,0,0
2026-01-22 03:13:50,192.168.10.20,d0:39:fa:e8:c3:30,1.98,12,0,0,0
2026-01-22 03:13:50,192.168.10.1,e4:fd:45:45:f8:c1,0.33,2,0,0,0
2026-01-22 03:13:56,192.168.10.20,d0:39:fa:e8:c3:30,0.5,3,0,0,0
2026-01-22 03:13:56,192.168.10.1,e4:fd:45:45:f8:c1,0.17,1,0,0,0
2026-01-22 03:14:02,192.168.10.20,d0:39:fa:e8:c3:30,0.66,4,0,0,0
2026-01-22 03:14:02,192.168.10.1,e4:fd:45:45:f8:c1,0.5,3,0,0,0
2026-01-22 03:14:08,192.168.10.20,d0:39:fa:e8:c3:30,0.66,4,0,0,0
2026-01-22 03:14:08,192.168.10.1,e4:fd:45:45:f8:c1,0.16,1,0,0,0
2026-01-22 03:14:14,192.168.10.20,d0:39:fa:e8:c3:30,0.33,2,0,0,0
2026-01-22 03:14:14,192.168.10.1,e4:fd:45:45:f8:c1,0.33,2,0,0,0
2026-01-22 03:14:21,192.168.10.20,d0:39:fa:e8:c3:30,1.16,7,0,0,0
2026-01-22 03:14:21,192.168.10.1,e4:fd:45:45:f8:c1,0.33,2,0,0,0
2026-01-22 03:14:27,192.168.10.20,d0:39:fa:e8:c3:30,1.82,11,0,0,0
2026-01-22 03:14:27,192.168.10.1,e4:fd:45:45:f8:c1,0.33,2,0,0,0
2026-01-22 03:14:33,192.168.10.20,d0:39:fa:e8:c3:30,0.66,4,0,0,0
2026-01-22 03:14:33,192.168.10.1,e4:fd:45:45:f8:c1,0.33,2,0,0,0
2026-01-22 03:14:39,192.168.10.20,d0:39:fa:e8:c3:30,0.17,1,0,0,0
2026-01-22 03:14:39,192.168.10.1,e4:fd:45:45:f8:c1,0.17,1,0,0,0
2026-01-22 03:14:45,192.168.10.20,d0:39:fa:e8:c3:30,0.33,2,0,0,0
2026-01-22 03:14:45,192.168.10.1,e4:fd:45:45:f8:c1,0.33,2,0,0,0
2026-01-22 03:14:51,192.168.10.20,d0:39:fa:e8:c3:30,0.5,3,0,0,0
2026-01-22 03:14:51,192.168.10.1,e4:fd:45:45:f8:c1,0.33,2,0,0,0
2026-01-22 03:14:57,192.168.10.20,d0:39:fa:e8:c3:30,1.32,8,0,0,0
2026-01-22 03:14:57,192.168.10.1,e4:fd:45:45:f8:c1,0.17,1,0,0,0
2026-01-22 03:15:03,192.168.10.20,d0:39:fa:e8:c3:30,0.17,1,0,0,0
2026-01-22 03:15:03,192.168.10.1,e4:fd:45:45:f8:c1,0.17,1,0,0,0
2026-01-22 03:15:09,192.168.10.20,d0:39:fa:e8:c3:30,0.33,2,0,0,0
2026-01-22 03:15:09,192.168.10.1,e4:fd:45:45:f8:c1,0.33,2,0,0,0
2026-01-22 03:15:15,192.168.10.20,d0:39:fa:e8:c3:30,0.33,2,0,0,0
2026-01-22 03:15:15,192.168.10.1,e4:fd:45:45:f8:c1,0.33,2,0,0,0
2026-01-22 03:15:27,192.168.10.20,d0:39:fa:e8:c3:30,0.17,1,0,0,0
2026-01-22 03:15:27,192.168.10.1,e4:fd:45:45:f8:c1,0.17,1,0,0,0
2026-01-22 03:15:33,192.168.10.20,d0:39:fa:e8:c3:30,0.5,3,0,0,0
2026-01-22 03:15:33,192.168.10.1,e4:fd:45:45:f8:c1,0.5,3,0,0,0
2026-01-22 03:15:39,192.168.10.20,d0:39:fa:e8:c3:30,0.99,6,0,0,0
2026-01-22 03:15:39,192.168.10.1,e4:fd:45:45:f8:c1,0.5,3,0,0,0
2026-01-22 03:15:45,192.168.10.20,d0:39:fa:e8:c3:30,0.33,2,0,0,0
2026-01-22 03:15:45,192.168.10.1,e4:fd:45:45:f8:c1,0.17,1,0,0,0
2026-01-22 03:15:58,192.168.10.20,d0:39:fa:e8:c3:30,0.17,1,0,0,0
2026-01-22 03:15:58,192.168.10.1,e4:fd:45:45:f8:c1,0.17,1,0,0,0
2026-01-22 03:16:04,192.168.10.20,d0:39:fa:e8:c3:30,0.66,4,0,0,0
2026-01-22 03:16:04,192.168.10.1,e4:fd:45:45:f8:c1,0.66,4,0,0,0
2026-01-22 03:16:34,192.168.10.20,d0:39:fa:e8:c3:30,0.33,2,0,0,0
2026-01-22 03:16:34,192.168.10.1,e4:fd:45:45:f8:c1,0.33,2,0,0,0
2026-01-22 03:16:40,192.168.10.20,d0:39:fa:e8:c3:30,0.83,5,0,0,0
2026-01-22 03:16:40,192.168.10.1,e4:fd:45:45:f8:c1,0.33,2,0,0,0
2026-01-22 03:16:46,192.168.10.20,d0:39:fa:e8:c3:30,0.66,4,0,0,0
2026-01-22 03:16:46,192.168.10.1,e4:fd:45:45:f8:c1,0.33,2,0,0,0
2026-01-22 03:16:52,192.168.10.20,d0:39:fa:e8:c3:30,0.83,5,0,0,0
2026-01-22 03:16:52,192.168.10.1,e4:fd:45:45:f8:c1,0.17,1,0,0,0
2026-01-22 03:16:58,192.168.10.20,d0:39:fa:e8:c3:30,0.83,5,0,0,0
2026-01-22 03:16:58,192.168.10.1,e4:fd:45:45:f8:c1,0.33,2,0,0,0
2026-01-22 03:17:10,192.168.10.20,d0:39:fa:e8:c3:30,0.33,2,0,0,0
2026-01-22 03:17:10,192.168.10.1,e4:fd:45:45:f8:c1,0.33,2,0,0,0
2026-01-22 03:17:16,192.168.10.20,d0:39:fa:e8:c3:30,0.33,2,0,0,0
2026-01-22 03:17:16,192.168.10.1,e4:fd:45:45:f8:c1,0.33,2,0,0,0
2026-01-22 03:17:22,192.168.10.20,d0:39:fa:e8:c3:30,0.17,1,0,0,0
2026-01-22 03:17:22,192.168.10.1,e4:fd:45:45:f8:c1,0.17,1,0,0,0
2026-01-22 03:17:29,192.168.10.20,d0:39:fa:e8:c3:30,0.33,2,0,0,0
2026-01-22 03:17:29,192.168.10.1,e4:fd:45:45:f8:c1,0.33,2,0,0,0
2026-01-22 03:19:50,0.0.0.0,d0:39:fa:e8:c3:30,0.66,4,0,0,0
2026-01-22 03:19:50,192.168.10.1,e4:fd:45:45:f8:c1,0.5,3,0,0,0
2026-01-22 03:19:50,192.168.10.20,d0:39:fa:e8:c3:30,1.65,10,1,0,0
2026-01-22 03:19:56,192.168.10.20,d0:39:fa:e8:c3:30,1.49,9,0,0,0
2026-01-22 03:19:56,192.168.10.1,e4:fd:45:45:f8:c1,0.33,2,0,0,0
2026-01-22 03:20:02,192.168.10.20,d0:39:fa:e8:c3:30,5.28,32,0,0,0
2026-01-22 03:20:02,192.168.10.1,e4:fd:45:45:f8:c1,0.17,1,0,0,0
2026-01-22 03:20:08,192.168.10.20,d0:39:fa:e8:c3:30,0.99,6,0,0,0
2026-01-22 03:20:08,192.168.10.1,e4:fd:45:45:f8:c1,0.16,1,0,0,0
2026-01-22 03:20:14,192.168.10.20,d0:39:fa:e8:c3:30,0.83,5,0,0,0
2026-01-22 03:20:14,192.168.10.1,e4:fd:45:45:f8:c1,0.17,1,0,0,0
2026-01-22 03:20:20,192.168.10.20,d0:39:fa:e8:c3:30,2.15,13,0,0,0
2026-01-22 03:20:21,192.168.10.1,e4:fd:45:45:f8:c1,0.17,1,0,0,0
2026-01-22 03:20:27,192.168.10.20,d0:39:fa:e8:c3:30,2.98,18,1,30,0
2026-01-22 03:20:33,192.168.10.20,d0:39:fa:e8:c3:30,1.32,8,1,30,0
2026-01-22 03:20:33,192.168.10.1,e4:fd:45:45:f8:c1,0.33,2,0,0,0
2026-01-22 03:20:39,192.168.10.20,d0:39:fa:e8:c3:30,1.66,10,0,0,0
2026-01-22 03:20:39,192.168.10.1,e4:fd:45:45:f8:c1,0.33,2,0,0,0
2026-01-22 03:20:45,192.168.10.20,d0:39:fa:e8:c3:30,1.16,7,0,0,0
2026-01-22 03:20:45,192.168.10.1,e4:fd:45:45:f8:c1,0.17,1,0,0,0
2026-01-22 03:20:51,192.168.10.20,d0:39:fa:e8:c3:30,0.33,2,0,0,0
2026-01-22 03:20:51,192.168.10.1,e4:fd:45:45:f8:c1,0.33,2,0,0,0
2026-01-22 03:20:57,192.168.10.20,d0:39:fa:e8:c3:30,1.16,7,0,0,0
2026-01-22 03:20:57,192.168.10.1,e4:fd:45:45:f8:c1,0.5,3,0,0,0
2026-01-22 03:21:03,192.168.10.20,d0:39:fa:e8:c3:30,1.32,8,0,0,0
2026-01-22 03:21:03,192.168.10.1,e4:fd:45:45:f8:c1,0.5,3,0,0,0
2026-01-22 03:21:09,192.168.10.20,d0:39:fa:e8:c3:30,1.32,8,0,0,0
2026-01-22 03:21:09,192.168.10.1,e4:fd:45:45:f8:c1,0.33,2,0,0,0
2026-01-22 03:21:15,192.168.10.20,d0:39:fa:e8:c3:30,4.8,29,0,30,0
2026-01-22 03:21:15,192.168.10.1,e4:fd:45:45:f8:c1,0.33,2,0,0,0
2026-01-22 03:21:21,192.168.10.20,d0:39:fa:e8:c3:30,0.83,5,0,0,0
